{"tfjsVersion":"1.3.1","tmVersion":"2.4.1","packageVersion":"0.8.4-alpha","packageName":"@teachablemachine/image","timeStamp":"2021-06-24T02:24:11.240Z","userMetadata":{},"modelName":"wholikeU","labels":["대성마이맥 권용기","대성마이맥 김승리","대성마이맥 배성민","대성마이맥 션티","대성마이맥 윤도영","대성마이맥 이명학","대성마이맥 이영수","대성마이맥 이창무","대성마이맥 임정환","대성마이맥 정상모","대성마이맥 정훈구","대성마이맥 차영진","대성마이맥 한석원","메가스터디 강민철","메가스터디 김동욱","메가스터디 배기범","메가스터디 백호","메가스터디 이다지","메가스터디 이지영","메가스터디 장풍","메가스터디 조정식","메가스터디 현우진","스카이에듀 유대종","스카이에듀 주예지","이투스 정승제"],"imageSize":224}